company_type;name;region;working_place;investments, milliom UAH
Industrial_parks;"ІП ""Сігма парк Яричів""";Львівська;6500;NA
Industrial_parks;"ІП ""Павлоград""";Дніпропетровська;5e3;NA
Industrial_parks;"Приватний ІП ""Мироцьке""";Київська;NA;NA
Industrial_parks;Вінницький індустріальний парк;Вінницька;7e3;NA
Industrial_parks;"ІП ""Вінницький кластер холодильного машинобудування""";Вінницька;NA;NA
Industrial_parks;"ІП ""ЖИТОМИР-СХІД""";Житомирська;NA;NA
Industrial_parks;"ІП ""Новодністровськ"""; Чернівецька;NA;NA
Industrial_parks;"ІП ""Фастіндастрі""";Київська;NA;NA
Industrial_parks;"ІП ""UNIT.City""";Київ;NA;NA
Industrial_parks;Яворівський ІП;Львівська;NA;NA
Industrial_parks;"Промисловий парк ""Тростянець""";Сумська;NA;NA
Industrial_parks;"ІП ""Золотоноша""";Черкаська;NA;NA
Industrial_parks;"ІП ""Кривбас""";Дніпропетровська;NA;NA
Industrial_parks;"ІП ""iPARK""";Одеська;NA;NA
Industrial_parks;"ІП ""Кам'янка-Бузький""";Львівська;NA;NA
Industrial_parks;Новороздільський ІП;Львівська;NA;NA
Industrial_parks;"ІП ""Нововолинськ""";Волинська;NA;NA
Industrial_parks;"ІП ""Лиманський""";Донецька;NA;NA
Industrial_parks;"ІП ""Ланнівський індустріальний парк""";Полтавська;NA;NA
Industrial_parks;"ІП ""Київщина""";Київська;3e3;NA
Industrial_parks;"ІП ""Олександрія""";Кіровоградська;NA;NA
Industrial_parks;"ІП ""Innovation District IT Park""";Львівська;NA;NA
Industrial_parks;"ІП ""Біла церква""";Київська;NA;NA
Working_Factories;Біогазовий завод;Київська;NA;NA
Working_Factories;"Біогазовий завод ""Сільгосппродукт""";Київська;NA;NA
Working_Factories;Біогазовий завод;Дніпропетровська;NA;16
Working_Factories;Біогазовий завод;Донецька;20;NA
Working_Factories;Біогазовий завод;Хмельницька;50;NA
Working_Factories;Біогазовий завод;Миколаївська;NA;NA
Working_Factories;Біогазова установка;Черкаська;NA;NA
Working_Factories;Біогазовий комплекс;Одеська;24;544
Working_Factories;Станція з переробки відходів в біогаз;Дніпропетровська;NA;NA
Working_Factories;"Завод ""TM Ondo""";Івано-Франківська;NA;NA
Working_Factories;Завод з виготовлення змішаних мінеральних добрив;Тернопільська;NA;NA
Working_Factories;"Завод ""Тернопільський кар'єр""";Тернопільська;NA;15
Working_Factories;"Завод насіння НВФГ ""МАЇС""";Дніпропетровська;NA;NA
Working_Factories;"Ливарний завод ПрАТ ""Металіт""";Кіровоградська;200;120
Working_Factories;"Маслоекстракційний завод ""Allseeds Black Sea""";Одеська;NA;5600
Working_Factories;Молокозавод;Львівська;NA;NA
Working_Factories;"Завод "" Puratos""";Одеська;60;224
Working_Factories;Чайна фабрика Unilever;Київська;NA;NA
Working_Factories;Зерновий термінал та олійнопереробний завод Bunge;Миколаївська;NA;NA
Working_Factories;"Завод полуфабрикатів ""Інтерагросистема""";Чернігівська;50;48
Working_Factories;Завод по производству удобрений из мусора;Харківська;NA;NA
Working_Factories;"Хлібозавод компанії ""Хлібні інвестиції""";Київська;NA;NA
Working_Factories;Завод з переробки сміття;Закарпатська;NA;NA
Working_Factories;Завод по производству бетона и растворов;Київська;NA;NA
Working_Factories;Завод з виготовлення бітумної емульсії;Івано-Франківська;NA;9
Working_Factories;Завод по переработке молока;Полтавська;NA;NA
Working_Factories;Завод по переробці олійних культур;Львівська;45;NA
Working_Factories;Завод із виробництва електричного устаткування - 1;Львівська;1200;NA
Working_Factories;Завод із виробництва електричного устаткування - 2;Львівська;1800;NA
Working_Factories;"Перевантажувальний термінал філії ""Вознесенська""";Миколаївська;NA;500
Working_Factories;Перевантажувальний термінал;Миколаївська;NA;450
Working_Factories;Завод з виробництва мінеральних добрив;Київська;NA;110
Working_Factories;Комплекс вдування пиловугільного палива;Донецька;NA;NA
Working_Factories;Тваринницький комплекс;Тернопільська;NA;NA
Working_Factories;Тваринницький комплекс;Тернопільська;80;NA
Working_Factories;Переробний комплекс та фруктосховище;Тернопільська;NA;NA
Working_Factories;Елеваторний комплекс;Луганська;55;NA
Working_Factories;Перегрузочный зерновой комплекс;Херсонська;NA;NA
Working_Factories;Завод з виробництва електротехнічного та оптичного устаткування;Житомирська;NA;NA
Working_Factories;Завод із переробки сої;Тернопільська;12;NA
Working_Factories;Завод з виробництва паливних гранул;Львівська;NA;2
Working_Factories;Завод з виробництва мінеральних добрив;Рівненська;NA;NA
Working_Factories;Завод з виробництва комплектуючих для Audi та BMW;Львівська;1100;132
Working_Factories;Завод з виробництва комплектуючих ;Львівська;1e3;NA
Working_Factories;Маслоналивной терминал;Миколаївська;NA;NA
Working_Factories;Завод з виробництва електрокабельної продукції; Чернівецька;1e3;80
Working_Factories;Завод з виробництва кабельно-провідникової продукції;Тернопільська;2500;384
Working_Factories;Завод комплектуючих для авто;Івано-Франківська;5e3;512
Working_Factories;Завод з переробки сільськогосподарських культур;Чернігівська;NA;NA
Working_Factories;Линия по переработке древесины;Сумська;NA;7
Working_Factories;"Насіннєвий завод ""КВС-Україна""";Хмельницька;NA;NA
Working_Factories;"Швейна фабрика ""Blue Moon Clothing""";Львівська;NA;NA
Working_Factories;Швейна фабрика;Львівська;45;NA
Working_Factories;Фабрика агрохімікатів;Черкаська;NA;NA
Working_Factories;Завод з виробництва асфальту;Закарпатська;NA;NA
Working_Factories;Завод ФФУ з виробництва штучних футбольних полів;Київська;50;NA
Working_Factories;"Завод ""Українські Лісопильні""";Рівненська;150;800
Working_Factories;Фармацевтичний завод;Київська;NA;1176
Working_Factories;"Теплоелектростанція ""Знаменівка""";Дніпропетровська;NA;NA
Working_Factories;Завод із виробництва тротуарної плитки та бетонних виробів;Львівська;16;29
Working_Factories;Завод з виробництва борошна;Львівська;35;30
Working_Factories;Завод побутової техніки;Черкаська;1200;NA
Working_Factories;Завод з виробництва EVA-матів;Одеська;NA;NA
Working_Factories;Тепличний комплекс;Львівська;12;NA
Working_Factories;Асфальтобетонний завод;Закарпатська;40;NA
Working_Factories;Асфальтобетонний завод;Полтавська;50;NA
Working_Factories;Асфальтобетонний завод;Полтавська;NA;NA
Working_Factories;Асфальтобетонний завод;Івано-Франківська;NA;NA
Working_Factories;Асфальтобетонний завод;Львівська;NA;NA
Working_Factories;Асфальтобетонний завод;Донецька;NA;NA
Working_Factories;Асфальтобетонний завод;Львівська;NA;NA
Working_Factories;Асфальтобетонний завод Marini;Дніпропетровська;NA;NA
Working_Factories;Асфальтобетонний завод Marini;Дніпропетровська;NA;NA
Working_Factories;Асфальтобетонний завод;Херсонська;NA;NA
Working_Factories;Асфальтобетонний завод;Донецька;NA;NA
Working_Factories;Асфальтобетонний завод;Львівська;100;NA
Working_Factories;Асфальтобетонний завод;Сумська;NA;13
Working_Factories;Асфальтобетонний завод;Закарпатська;NA;NA
Working_Factories;Асфальтобетонний завод;Дніпропетровська;NA;NA
Working_Factories;Асфальтобетонний завод;Харківська;NA;NA
Working_Factories;Асфальтобетонний завод;Дніпропетровська;NA;NA
Working_Factories;Асфальтобетонний завод;Кіровоградська;NA;NA
Working_Factories;Асфальтобетонний завод;Вінницька;11;NA
Working_Factories;Асфальтобетонний завод;Кіровоградська;NA;NA
Working_Factories;Асфальтний завод;Закарпатська;NA;NA
Working_Factories;Асфальтний завод;Одеська;100;26
Working_Factories;Асфальтний завод;Закарпатська;NA;NA
Working_Factories;Асфальтний завод;Черкаська;30;NA
Working_Factories;Завод з виробництва тканини;Львівська;60;NA
Working_Factories;Деревообробне підприємство;Львівська;NA;NA
Working_Factories;Завод ДИМКОМ;Львівська;40;5
Working_Factories;"Сирзавод ""Барком""";Львівська;NA;NA
Working_Factories;"Завод з виготовлення електричних кабельних мереж компанії ""Електроконтакт Україна""";Львівська;2e3;960
Working_Factories;Завод з виробництва ветеринарних препаратів і кормових добавок;Харківська;100;100
Working_Factories;Винзавод;Одеська;12;NA
Working_Factories;Насіннєвий завод;Волинська;12;NA
Working_Factories;Насіннєвий завод;Херсонська;NA;NA
Working_Factories;Завод з переробки меду;Черкаська;52;NA
Working_Factories;Завод з переробки меду та продуктів бджільництва;Львівська;50;20
Working_Factories;Завод з виробництва упаковок для дитячого харчування;Сумська;390;NA
Working_Factories;Завод з розробки і виробництва нанодобрив;Херсонська;NA;NA
Working_Factories;Алюмінієвий завод Global Extrusion;Київська;NA;NA
Working_Factories;Сміттепереробний завод;Черкаська;20;NA
Working_Factories;Сортувальна лінія ТПВ;Івано-Франківська;NA;12
Working_Factories;Швейна фабрика;Херсонська;75;NA
Working_Factories;Лінія по виготовленню паливних брикетів із соломи;Вінницька;NA;NA
Working_Factories;Завод з виготовлення SMD-модулів Flylights Factory;Київ;NA;NA
Working_Factories;Хлібзавод;Чернігівська;NA;96
Working_Factories;Завод по виробництву хімічно чистих добрив;Херсонська;30;23
Working_Factories;"Завод ""Термо-Пак""";Київська;NA;NA
Working_Factories;Завод з виробництва будівельних виробів із бетону;Івано-Франківська;NA;NA
Working_Factories;Кондитерський цех;Черкаська;200;NA
Working_Factories;Швейна фабрика;Тернопільська;46;NA
Working_Factories;"Швейна фабрика ""Мануфактура""";Тернопільська;70;NA
Working_Factories;"Філія швейної фабрики ""ВіД""";Херсонська;100;0.4
Working_Factories;"Філія швейної фабрики ""ВіД""";Херсонська;20;NA
Working_Factories;"Філія швейної фабрики ""ВіД""";Миколаївська;NA;NA
Working_Factories;"Філія швейної фабрики ""ВіД""";Херсонська;NA;NA
Working_Factories;"Філія швейної фабрики ""Gregory Arber""";Миколаївська;NA;10
Working_Factories;Завод із виробництва світлодіодних світильників;Львівська;NA;NA
Working_Factories;Верстатобудівний завод;Черкаська;20;NA
Working_Factories;Комбінат баранкових виробів;Черкаська;100;NA
Working_Factories;Завод з виробництва комбікормів, молочна ферма, машинно-тракторний парк;Житомирська;NA;160
Working_Factories;"Завод з виробництва органічних олій ""Укролія органік""";Полтавська;NA;NA
Working_Factories;Завод з виробництва кабельної продукції;Вінницька;700;NA
Working_Factories;Завод із дроблення каменю;Тернопільська;50;47
Working_Factories;Завод з переробки насіння соняшнику;Кіровоградська;146;NA
Working_Factories;Насіннєвий завод;Житомирська;NA;NA
Working_Factories;Виробничий комплекс по переробці насіння соняшнику;Кіровоградська;20;2
Working_Factories;Завод по переробці сої;Кіровоградська;200;80
Working_Factories;Завод з виробництва хімічних реактивів;Черкаська;NA;NA
Working_Factories;Маслоекстрактний цех по переробці насіння соняшнику;Кіровоградська;20;2
Working_Factories;Олійноекстракційний завод по переробці сої;Кіровоградська;382;NA
Working_Factories;Завод з виробництва будівельних матеріалів;Івано-Франківська;40;2080
Working_Factories;Завод з виробництва будівельних матеріалів та душових модулів;Вінницька;10;2.88
Working_Factories;Деревообробний комбінат;Житомирська;356;NA
Working_Factories;Сирний завод;Харківська;NA;NA
Working_Factories;Завод з виробництва вівсяних пластівців;Чернігівська;100;NA
Working_Factories;Молокопереробний завод;Львівська;NA;NA
Working_Factories;Горіховий центр;Черкаська;NA;10
Working_Factories;Завод з переробки сміття;Закарпатська;80;NA
Working_Factories;Фабрика із виробництва м'яких меблів;Львівська;NA;NA
Working_Factories;Завод з виробництва паливних брикетів із соломи, лози та дерева;Одеська;NA;NA
Working_Factories;Завод бджолярської продукції;Сумська;10;NA
Working_Factories;Завод з виробництва дентальних імплантатів;Дніпропетровська;NA;NA
Working_Factories;Бісквітний комплекс;Дніпропетровська;120;120
Working_Factories;Завод з виробництва біоетанолу;Волинська;100;NA
Working_Factories;Завод з виробництва запашних спиртовмісних речовин та оцту;Львівська;NA;NA
Working_Factories;Завод з виробництва сонячних панелей;Запорізька;NA;NA
Working_Factories;Ливарний завод;Запорізька;NA;38
Working_Factories;Завод мінеральних добрив;Черкаська;NA;150
Working_Factories;Завод з виробництва рідких добрив;Одеська;NA;NA
Working_Factories;Завод з виробництва м'яких меблів;Львівська;540;NA
Working_Factories;Завод з переробки томатів;Миколаївська;110;NA
Working_Factories;Комплекс з переробки радіоактивних відходів;Рівненська;NA;342
Working_Factories;Цех по виробництву паливних брикетів;Кіровоградська;3;NA
Working_Factories;Цех екстракції масляних культур;Кіровоградська;20;2
Working_Factories;Міні-цех по переробці молока;Кіровоградська;NA;2
Working_Factories;Цех з екстракції рослинної олії;Кіровоградська;10;20
Working_Factories;Цех рафінації й дезoдoрaції oлії тa цех рoзливу oлії;Кіровоградська;100;NA
Working_Factories;Швейний цех;Кіровоградська;40;NA
Working_Factories;Цех з пошиття взуття;Дніпропетровська;NA;NA
Working_Factories;Взуттєва фабрика Zirka Manufaktura;Черкаська;240;NA
Working_Factories;Підприємство з виробництва виробів з м’яса;Кіровоградська;NA;NA
Working_Factories;Сироварний цех;Сумська;NA;NA
Working_Factories;Сироварний цех; Чернівецька;NA;1.28
Working_Factories;Меблевий парк;Івано-Франківська;NA;NA
Working_Factories;Виробництво дерев'яного меблевого щита;Сумська;20;NA
Working_Factories;Завод високопротеїнових добавок;Київська;NA;NA
Working_Factories;Олійноекстракційний завод;Харківська;NA;NA
Working_Factories;Завод гарячого цинкування металоконструкцій;Київська;200;NA
Working_Factories;"Завод ""Перша Закарпатська Палинчарня""";Закарпатська;17;NA
Working_Factories;"Завод з виробництва холодильної техніки ""Green cool""";Вінницька;1200;640
Working_Factories;Бетонний завод;Рівненська;NA;NA
Working_Factories;Підприємство з вирощення креветок;Вінницька;35;NA
Working_Factories;Завод складського і підйомно-транспортного устаткування;Дніпропетровська;NA;NA
Working_Factories;"Завод побутової хімії ""Гранд Імпорт""";Хмельницька;NA;NA
Future_Factories;Завод з сушіння овочів;Миколаївська;40;NA
Future_Factories;Завод по литтю пластмаси;Закарпатська;NA;NA
Future_Factories;Завод з виробництвa aвтомобільних джгутів;Вінницька;2500;320
Future_Factories;Українсько-литовське виробництво сонячних панелей;Херсонська;NA;NA
Future_Factories;Меблевий завод;Львівська;500;192
Future_Factories;Завод з переробки гіпсової сировини;Івано-Франківська;35;NA
Future_Factories;Елеваторний комплекс;Сумська;60;NA
Future_Factories;Завод з виробництва біогазу;Тернопільська;NA;64
Future_Factories;Завод з виробництва біогазу;Черкаська;50;NA
Future_Factories;Зерновий термінал;Миколаївська;NA;NA
Future_Factories;Завод з переробки льону;Рівненська;1e3;560
Future_Factories;Лісопильний завод;Рівненська;365;NA
Future_Factories;Завод по переробці м'яса;Львівська;NA;NA
Future_Factories;Cміттєпереробний завод;Харківська;NA;800
Future_Factories;Завод із переробки картоплі;Чернігівська;50;NA
Future_Factories;Завод крохмало- та картоплепродуктів;Чернігівська;160;56
Future_Factories;Біогазовий завод;Івано-Франківська;NA;NA
Future_Factories;Біогазовий завод;Львівська;NA;NA
Future_Factories;Біогазовий комплекс;Вінницька;NA;NA
Future_Factories;Біогазова електрична станція;Дніпропетровська;100;310
Future_Factories;Біогазова електрична станція;Чернігівська;NA;NA
Future_Factories;Біогазова електрична станція;Чернігівська;NA;NA
Future_Factories;Сміттєпереробний завод;Вінницька;NA;NA
Future_Factories;Сміттєпереробний завод;Кіровоградська;160;NA
Future_Factories;Асфальтобетонний завод;Львівська;NA;NA
Future_Factories;Асфальтобетонний завод;Сумська;NA;NA
Future_Factories;Асфальтний завод;Закарпатська;NA;NA
Future_Factories;Олійно-екстракційний завод по переробці сої;Хмельницька;205;NA
Future_Factories;Завод із переробки олійних культур;Хмельницька;NA;NA
Future_Factories;Елеватор;Харківська;35;30
Future_Factories;Елеватор;Житомирська;NA;NA
Future_Factories;Завод з переробки деревини;Рівненська;365;640
Future_Factories;Завод із переробки льону та конопель;Сумська;NA;NA
Future_Factories;"Завод органічних рідин ""Фазор""";Київська;NA;8.4
Future_Factories;Фабрика по виробництву виробів з борошна;Київська;NA;NA
Future_Factories;Завод з переробки рідких радіоактивних відходів;Київська;NA;400
Future_Factories;Завод з виробництва біоетанолу;Одеська;400;NA
Future_Factories;"Завод коркувальних засобів і поліграфічних виробів АТ ""Технологія""";Сумська;200;115
Future_Factories;Цукровий завод;Черкаська;NA;NA
Future_Factories;Завод з виготовлення продукції з полівінілхлориду;Черкаська;1500;NA
Future_Factories;Кондитерська фабрика;Кіровоградська;500;NA
Future_Factories;Підприємство по переробці сільськогосподарської продукції;Кіровоградська;20;6
Future_Factories;Сміттєпереробний завод;Львівська;NA;NA
Future_Factories;Сміттєпереробна лінія;Вінницька;NA;4
Future_Factories;Сміттєпереробна лінія;Хмельницька;NA;NA
Future_Factories;Борошномельний завод;Київська;NA;NA
Future_Factories;Молокозавод;Вінницька;25;NA
Future_Factories;Завод з виробництва сонячних панелей;Вінницька;NA;NA
Future_Factories;Завод комплектуючих для авто;Івано-Франківська;NA;NA
Future_Factories;Цегельний завод;Тернопільська;NA;NA
Future_Factories;М'ясопереробний завод;Івано-Франківська;700;NA
Future_Factories;Хлібопекарський комплекс;Харківська;1e3;NA
Future_Factories;Завод Plank Electrotechnic;Київська;NA;NA
Future_Factories;Завод з виробництва кабельно-провідникової продукції;Хмельницька;500;NA
Future_Factories;Комплекс з гранулювання сульфату амонію;Дніпропетровська;74;211
Future_Factories;Завод з виробництва тканин;Чернігівська;80;130
Power_Stations;"Сонячна електростанція ""Лео-Солар-Енерджі""";Львівська;3;30
Power_Stations;Сонячна електростанція;Запорізька;7;NA
Power_Stations;"Сонячна електростанція ""Дібрівка""";Кіровоградська;2;NA
Power_Stations;"Сонячна електростанція ""Білозерка""";Херсонська;NA;NA
Power_Stations;"Солнечная электростанция ""Станіславчик""";Вінницька;NA;NA
Power_Stations;Сонячна електростанція;Івано-Франківська;NA;NA
Power_Stations;"Сонячна електростанція ""Балки""";Вінницька;NA;NA
Power_Stations;Сонячна електростанція;Дніпропетровська;NA;20
Power_Stations;"Сонячна електростанція ""Велітон-2,5""";Херсонська;NA;NA
Power_Stations;"Сонячна електростанція ""Верховка-2,8""";Вінницька;NA;NA
Power_Stations;"Сонячна електростанція ""Велиген-6,0""";Херсонська;NA;NA
Power_Stations;"Сонячна електростанція ""Глубочок""";Вінницька;NA;NA
Power_Stations;Сонячна електростанція;Вінницька;NA;NA
Power_Stations;Сонячна електростанція;Вінницька;NA;NA
Power_Stations;Сонячна електростанція м.Каховка;Херсонська;NA;NA
Power_Stations;Сонячна електростанція;Вінницька;NA;NA
Power_Stations;Сонячна електростанція;Вінницька;NA;NA
Power_Stations;Сонячна електростанція;Закарпатська;NA;NA
Power_Stations;Сонячна електростанція;Вінницька;NA;NA
Power_Stations;Сонячна електростанція; Чернівецька;NA;NA
Power_Stations;Сонячна електростанція;Дніпропетровська;NA;NA
Power_Stations;Сонячна електростанція;Дніпропетровська;25;NA
Power_Stations;Сонячна електростанція;Миколаївська;NA;NA
Power_Stations;"Сонячна електростанція ""Гута-2""";Закарпатська;NA;NA
Power_Stations;Сонячна електростанція СЕ-3;Закарпатська;NA;NA
Power_Stations;"Сонячна електростанція ""Кам'янече""";Кіровоградська;10;70
Power_Stations;"Сонячна електростанція ""Озерна""";Львівська;NA;NA
Power_Stations;"Сонячна електростанція ""Красне""";Одеська;NA;NA
Power_Stations;"Сонячна електростанція ""Броварська""";Київська;NA;NA
Power_Stations;"Сонячна електростанція ""Фабрика""";Херсонська;NA;NA
Power_Stations;Сонячна електростанція;Одеська;NA;NA
Power_Stations;Сонячна електростанція;Львівська;NA;NA
Power_Stations;Сонячна електростація;Львівська;NA;NA
Power_Stations;"Сонячна електроснація ""Яворів""";Львівська;NA;2080
Power_Stations;Трифонівська сонячна електростанція;Херсонська;NA;NA
Power_Stations;СЕС Солар Парк Веселе;Запорізька;NA;NA
Power_Stations;Самбірська сонячна станція-2;Львівська;NA;NA
Power_Stations;Сонячна електростанція;Херсонська;NA;NA
Power_Stations;Сонячна електростанція;Херсонська;NA;NA
Power_Stations;Чорноминська СЕС 2;Вінницька;NA;NA
Power_Stations;Димерська сонячна електростанція;Київська;NA;NA
Power_Stations;Геліосистема;Донецька;NA;5
Power_Stations;"Сонячна електростанція ""Рубанівка""";Херсонська;12;30
Power_Stations;Сонячна електростанція;Херсонська;NA;NA
Power_Stations;Сонячна електростанція;Запорізька;NA;NA
Power_Stations;Сонячна електростанція;Запорізька;NA;NA
Power_Stations;"Сонячна електростанція ""Терновиця""";Львівська;NA;149
Power_Stations;"Сонячна електростанція ""Солар Чорнобиль-1""";Київська;NA;NA
Power_Stations;Сонячна електростанція;Хмельницька;NA;NA
Power_Stations;Сонячна електростанція;Хмельницька;NA;NA
Power_Stations;Сонячна електростанція;Хмельницька;NA;NA
Power_Stations;Сонячна електроснація;Одеська;NA;NA
Power_Stations;"Сонячна електростанція ""Іванівка-2""";Кіровоградська;NA;NA
Power_Stations;Сонячна електростанція;Кіровоградська;NA;0.093
Power_Stations;Сонячна електростанція;Кіровоградська;NA;NA
Power_Stations;"Сонячна електростанція ""ТАВАНЬ СОЛАР 1""";Херсонська;NA;NA
Power_Stations;"Сонячна електростанція ""ТАВАНЬ СОЛАР 2""";Херсонська;NA;NA
Power_Stations;"Сонячна електростанція ""ТАВАНЬ СОЛАР 3""";Херсонська;NA;NA
Power_Stations;Сонячна електростанція;Одеська;NA;NA
Power_Stations;Сонячна електростанція;Вінницька;NA;21
Power_Stations;"Сонячна електростанція ""Добрівлянська ФЕС""";Тернопільська;10;120
Power_Stations;Сонячна електростанція;Івано-Франківська;NA;NA
Power_Stations;Сонячна електростанція;Миколаївська;NA;68
Power_Stations;Сонячна електростанція;Івано-Франківська;NA;NA
Power_Stations;Сонячна електростанція;Дніпропетровська;NA;NA
Power_Stations;Сонячна електростанція;Дніпропетровська;NA;NA
Power_Stations;Сонячна електростанція;Запорізька;75;NA
Power_Stations;Сонячна електростанція;Дніпропетровська;450;8160
Power_Stations;Нікопольська СЕС;Дніпропетровська;NA;7360
Power_Stations;Сонячна електростанція;Херсонська;NA;NA
Power_Stations;"Сонячна електростанція ""Богуслав 1""";Київська;NA;NA
Power_Stations;Сонячна електростанція;Кіровоградська;NA;NA
Power_Stations;Сонячна електростанція;Дніпропетровська;NA;NA
Power_Stations;"Сонячна електростанція ""Щирець-1""";Львівська;NA;64
Power_Stations;Сонячна електростанція;Дніпропетровська;NA;NA
Power_Stations;Сонячна електростанція;Кіровоградська;NA;NA
Power_Stations;Сонячна електростанція;Хмельницька;NA;NA
Power_Stations;Сонячна електростанція;Хмельницька;NA;NA
Power_Stations;Сонячна електростанція;Вінницька;NA;NA
Power_Stations;Сонячна електростанція; Чернівецька;NA;NA
Power_Stations;Сонячна електростанція;Івано-Франківська;NA;NA
Power_Stations;Дахова сонячна електростанція;Херсонська;NA;NA
Power_Stations;Сонячна електростанція;Херсонська;NA;NA
Power_Stations;Сонячна електростанція;Херсонська;NA;NA
Power_Stations;Сонячна електростанція;Кіровоградська;NA;NA
Power_Stations;Сонячна електростанція;Кіровоградська;NA;NA
Power_Stations;Сонячна електростанція;Київська;NA;NA
Power_Stations;Сонячна електростанція;Харківська;NA;NA
Power_Stations;Сонячна електростанція;Івано-Франківська;NA;NA
Power_Stations;"Сонячна електростанція ""Монастирчани""";Івано-Франківська;NA;NA
Power_Stations;Сонячна електростанція;Закарпатська;NA;NA
Power_Stations;Сонячна електростанція;Івано-Франківська;NA;NA
Power_Stations;Сонячна електростанція;Запорізька;NA;NA
Power_Stations;Сонячна електростанція;Житомирська;NA;NA
Power_Stations;Сонячна електростанція;Дніпропетровська;NA;NA
Power_Stations;"Сонячна електростанція ""Сонячна""";Кіровоградська;NA;170
Power_Stations;Гібридна електростанція;Одеська;150;13390
Power_Stations;Сонячна електростанція;Одеська;12;NA
Power_Stations;Сонячна електростанція;Хмельницька;8;NA
Power_Stations;Сонячна електростанція;Дніпропетровська;20;NA
Power_Stations;Сонячна електростанція;Херсонська;10;NA
Power_Stations;Сонячна електростанція;Одеська;NA;NA
Power_Stations;Сонячна електростанція;Херсонська;NA;NA
Power_Stations;Сонячна електростанція;Одеська;NA;NA
Power_Stations;Сонячна електростанція;Івано-Франківська;NA;NA
Power_Stations;Сонячна електростанція;Івано-Франківська;NA;NA
Power_Stations;"Сонячна електростанція ""Маків-1""";Хмельницька;NA;NA
Power_Stations;Сонячна електростанція;Херсонська;NA;NA
Power_Stations;Сонячна електростанція;Хмельницька;NA;NA
Power_Stations;Сонячна електростанція;Івано-Франківська;NA;NA
Power_Stations;Сонячна електростанція;Івано-Франківська;NA;NA
Power_Stations;Сонячна електростанція;Івано-Франківська;NA;NA
Power_Stations;"Сонячна електростанція ""Веряця-1""";Закарпатська;NA;NA
Power_Stations;"Сонячна електростанція ""Веряця-2""";Закарпатська;NA;NA
Power_Stations;Сонячна електростанція;Миколаївська;NA;NA
Power_Stations;Сонячна електростанція;Запорізька;NA;NA
Power_Stations;Сонячна електростанція;Херсонська;NA;NA
Power_Stations;Сонячна електростанція;Хмельницька;NA;NA
Power_Stations;"Сонячна електростанція ""Миролюбівка""";Херсонська;NA;NA
Power_Stations;"Сонячна електростанція ""Олешки-2""";Херсонська;NA;NA
Power_Stations;"Сонячна електростанція ""Олешки-1""";Херсонська;NA;NA
Power_Stations;Сонячна електростанція;Хмельницька;NA;NA
Power_Stations;"Сонячна електростанція ""Енергетичні поля СЕС Терновиця Енерджі""";Львівська;NA;NA
Power_Stations;Сонячна електростанція;Львівська;NA;NA
Power_Stations;Сонячна електростанція;Чернігівська;4;NA
Power_Stations;"Сонячна електростанція ""Либідь""";Дніпропетровська;NA;NA
Power_Stations;"Сонячна електростанція ""Укртрансгазу""";Київська;NA;NA
Power_Stations;Писарівська сонячна електростанція;Вінницька;NA;NA
Power_Stations;"Сонячна станція ""Іванівка-160""";Черкаська;NA;NA
Power_Stations;Сонячна електростанція;Кіровоградська;NA;NA
Power_Stations;Сонячна електростанція;Кіровоградська;NA;NA
Power_Stations;"Сонячна електростанція ""Рівнянська-2""";Кіровоградська;NA;NA
Power_Stations;"Сонячна електростанція ""Рівнянська-400""";Кіровоградська;NA;NA
Power_Stations;"Сонячна станція ""Рассвєт""";Кіровоградська;NA;NA
Power_Stations;"Сонячна станція ""Трак-Солар""";Кіровоградська;NA;NA
Power_Stations;"Сонячна електростанція ""Златодар""";Черкаська;NA;2
Power_Stations;Сонячна електростанція;Львівська;NA;14
Power_Stations;Сонячна електростанція;Дніпропетровська;NA;NA
Power_Stations;Сонячна електростанція;Дніпропетровська;NA;NA
Power_Stations;Дахова сонячна електростанція;Дніпропетровська;NA;NA
Power_Stations;Дахова сонячна електростанція;Івано-Франківська;NA;NA
Power_Stations;Сонячна електростанція;Київська;NA;NA
Power_Stations;Сонячна електростанція; Чернівецька;NA;NA
Power_Stations;Сонячна електростанція;Сумська;NA;NA
Power_Stations;Сонячна електростанція;Полтавська;NA;NA
Power_Stations;"Сонячна електростанція ""Монастирчани-2""";Івано-Франківська;NA;NA
Power_Stations;Сонячна електростанція;Івано-Франківська;NA;NA
Power_Stations;Сонячна електростанція;Хмельницька;3;22
Power_Stations;Сонячна електростанція;Кіровоградська;NA;NA
Power_Stations;"Вітропарк ""Причорноморський""";Миколаївська;NA;NA
Power_Stations;"Вітроелектростанція ""Старий Самбір-1""";Львівська;NA;NA
Power_Stations;"Вітроелектростанція ""Старий Самбір-2""";Львівська;NA;NA
Power_Stations;"Вітроелектростанція ""Сокальський вітропарк""";Львівська;NA;NA
Power_Stations;Вітроелектростанція;Івано-Франківська;NA;NA
Power_Stations;Вітроелектростанція;Львівська;NA;NA
Power_Stations;Приморська вітроелектростанція;Запорізька;NA;9600
Power_Stations;Вітроелектростанція;Рівненська;NA;NA
Power_Stations;"Вітроелектростанція ""Овер’янівська""";Херсонська;NA;4e3
Power_Stations;"Вітроелектростанція ""Новотроїцька""";Херсонська;NA;1920
Power_Stations;"Вітряний парк ""Причорноморський""";Миколаївська;NA;NA
Power_Stations;Вітроелектростанція;Львівська;NA;NA
Power_Stations;"Вітроелектростанція ""Дніпро-Бузька""";Херсонська;15;NA
Power_Stations;Вітроелектростанція;Тернопільська;NA;NA
Power_Stations;"Вітроелектростанція ""Шевченкове-1""";Івано-Франківська;NA;192
Power_Stations;Вітроелектростанція;Одеська;NA;8e3
Power_Stations;Вітроелектростанція;Одеська;NA;NA
Power_Stations;"Вітроелектростанція ""Овід Вінд""";Одеська;NA;NA
Power_Stations;Теплоелектростанція;Рівненська;NA;NA
Power_Stations;Котельня на біопаливі;Чернігівська;NA;NA
Power_Stations;Котельня на біопаливі;Хмельницька;NA;NA
Power_Stations;Котельня на біопаливі;Хмельницька;NA;NA
Power_Stations;Котельня на біопаливі;Хмельницька;NA;NA
Power_Stations;Котельня на біопаливі;Хмельницька;NA;NA
Power_Stations;Котельня на біопаливі;Хмельницька;NA;NA
Power_Stations;Біогазова ТЕС;Черкаська;NA;NA
Power_Stations;Біогазова ТЕС;Дніпропетровська;NA;NA
Power_Stations;Біогазова ТЕС;Дніпропетровська;NA;NA
Power_Stations;Біогазова ТЕС;Житомирська;29;NA
Power_Stations;Біогазова ТЕС;Хмельницька;5;20
Power_Stations;Біогазова ТЕС;Полтавська;NA;NA
Power_Stations;Біогазова ТЕС;Чернігівська;NA;NA
Power_Stations;Біогазова ТЕС;Волинська;NA;NA
Power_Stations;Біогазова ТЕС;Хмельницька;NA;NA
Power_Stations;Гідроелектростанція;Вінницька;NA;13
Power_Stations;"Гідроелектростанція "" Брустурянка""";Закарпатська;NA;150
Power_Stations;Каховська гідроелектростанція-2;Херсонська;NA;13440
Power_Stations;гідроелектростанція Лебединська;Кіровоградська;2;NA
Power_Stations;Міні-гідроелектростанція;Кіровоградська;5;44
Power_Stations;Міні-гідроелектростанція;Кіровоградська;5;44
Power_Stations;Міні-гідроелектростанція;Кіровоградська;5;44
Power_Stations;Міні-гідроелектростанція;Житомирська;NA;21
Power_Stations;Міні-гідроелектростанція;Черкаська;NA;NA
Power_Stations;Міні-гідроелектростанція;Дніпропетровська;NA;6
Power_Stations;Міні-гідроелектростанція;Івано-Франківська;NA;NA
Power_Stations;Дністровська ГАЕС;Вінницька;NA;NA
Power_Stations;Сонячна електростанція;Закарпатська;NA;NA
Power_Stations;Сонячна електростанція;Полтавська;NA;NA
Elevators_Terminals;Елеватор;Кіровоградська;NA;NA
Elevators_Terminals;Зерносховища для зберігання сільськогосподарських культур;Кіровоградська;NA;2
Elevators_Terminals;"Зерновий термінал ""Баловнянська виробнича база""";Миколаївська;115;400
Elevators_Terminals;Зерновий термінал;Одеська;NA;NA
Elevators_Terminals;Зерновий термінал;Миколаївська;NA;60
Elevators_Terminals;Елеватор;Одеська;NA;45
Elevators_Terminals;Елеватор (с.Ястребове);Тернопільська;NA;NA
Elevators_Terminals;Зерновий термінал;Миколаївська;150;NA
Elevators_Terminals;Зерновий термінал Louis Dreyfus та Бруклін-Київ;Одеська;NA;NA
Elevators_Terminals;Зерновий термінал Risoil S.A.;Одеська;NA;NA
Elevators_Terminals;Зерновий термінал;Одеська;NA;NA
Elevators_Terminals;Елеватор для зберігання зерна;Тернопільська;NA;NA
Elevators_Terminals;Елеватор для зберігання зерна;Полтавська;NA;NA
Elevators_Terminals;Елеватор для зберігання зерна;Кіровоградська;2;25
Elevators_Terminals;Елеватор для сушіння зерна;Чернігівська;NA;78
Elevators_Terminals;Елеватор для очищення, сушіння зерна;Полтавська;NA;300
Elevators_Terminals;Елеватор для зберігання зерна;Полтавська;NA;NA
Elevators_Terminals;Елеватор для зберігання зерна;Чернігівська;NA;75
Elevators_Terminals;Елеватор для зберігання зерна;Тернопільська;NA;NA
Elevators_Terminals;Елеватор для зберігання зерна;Івано-Франківська;NA;NA
Elevators_Terminals;Елеватор для зберігання зерна;Вінницька;NA;NA
Elevators_Terminals;Елеватор для зберігання зерна;Тернопільська;NA;NA
Elevators_Terminals;Елеватор для зберігання зерна;Вінницька;NA;120
Elevators_Terminals;Елеватор для зберігання зерна;Житомирська;NA;7
Elevators_Terminals;Елеваторний комплекс;Запорізька;120;NA
Elevators_Terminals;Кооперативний елеватор;Дніпропетровська;NA;NA
Elevators_Terminals;Катеринопільський елеватор;Черкаська;NA;NA
Elevators_Terminals;Зерновий елеватор;Дніпропетровська;NA;80
Elevators_Terminals;Зерновий елеватор;Хмельницька;40;NA
Elevators_Terminals;Перевантажувальний термінал;Херсонська;100;NA
Elevators_Terminals;Перевантажувальний комплекс;Одеська;NA;NA
Elevators_Terminals;Елеватор;Тернопільська;NA;160
Elevators_Terminals;Зерносушильний комплекс;Кіровоградська;10;NA
Elevators_Terminals;Елеватор для зберігання зерна;Кіровоградська;NA;67
Elevators_Terminals;Елеватор для зберігання зерна;Черкаська;NA;152
Elevators_Terminals;Елеватор для зберігання зерна;Кіровоградська;NA;9
Elevators_Terminals;Елеватор для зберігання зернових і технічних культур;Кіровоградська;NA;80
Elevators_Terminals;Елеватор з прийняття, зберігання зернових культур і кукурудзи;Кіровоградська;NA;NA
Elevators_Terminals;Зерносховище по зберіганню зерна;Кіровоградська;NA;NA
Elevators_Terminals;Зерновий елеватор;Кіровоградська;NA;NA
Elevators_Terminals;Елеватор;Львівська;NA;NA
Elevators_Terminals;Зерновий елеватор;Донецька;NA;NA
Elevators_Terminals;Елеваторний комплекс;Львівська;NA;20
Elevators_Terminals;Зерновий терминал;Донецька;NA;950
Elevators_Terminals;Зерновий термінал;Одеська;500;NA
Elevators_Terminals;Перевантажувальний термінал;Миколаївська;NA;NA
Elevators_Terminals;Зерновий термінал;Запорізька;NA;70
Elevators_Terminals;Зерновий термінал;Миколаївська;NA;NA
Elevators_Terminals;Зерновий термінал;Миколаївська;NA;NA
Elevators_Terminals;Елеваторний комплекс;Львівська;12;NA
Elevators_Terminals;Елеваторний комплекс;Волинська;80;NA
Elevators_Terminals;Елеваторний комплекс;Сумська;NA;NA
Elevators_Terminals;Елеваторний комплекс;Полтавська;NA;NA
Elevators_Terminals;Елеваторний комплекс;Харківська;NA;NA
Elevators_Terminals;Елеватор;Сумська;NA;NA
Elevators_Terminals;Елеватор;Житомирська;200;NA
Elevators_Terminals;Елеватор;Черкаська;NA;NA
Elevators_Terminals;Елеватор;Вінницька;NA;NA
Elevators_Terminals;Елеватор;Черкаська;NA;NA
Elevators_Terminals;Елеватор;Тернопільська;19;NA
Elevators_Terminals;Перевантажувальний термінал;Дніпропетровська;NA;NA
Elevators_Terminals;Яреськівський елеватор;Полтавська;NA;NA
Elevators_Terminals;Елеватор;Полтавська;NA;NA
Elevators_Terminals;Елеватор;Полтавська;NA;NA
Elevators_Terminals;Елеватор;Київська;NA;NA
Elevators_Terminals;Елеватор;Львівська;NA;NA
Elevators_Terminals;Перевантажувальний термінал;Полтавська;NA;NA
Elevators_Terminals;Зерновий елеватор;Кіровоградська;NA;50
Elevators_Terminals;Зерновий елеватор;Вінницька;120;NA
Gas_Fields;Колодницьке газове родовище;Львівська;NA;NA
Gas_Fields;Крехівське газове родовище;Львівська;NA;50
Gas_Fields;Краснокутське газове родовище;Харківська;NA;NA
Gas_Fields;Бистрицьке газове родовище;Львівська;5;95
Gas_Fields;Гірське газове родовище;Львівська;NA;NA
Gas_Fields;Пегедівське газове родовище;Харківська;NA;NA
Others;Забійний цех;Львівська;NA;6
Others;Цех із виробництва міцелію;Черкаська;13;22
Others;Комплекс зі зберігання фруктів та овочів;Запорізька;NA;NA
Others;"Футбольна школа ""Надія""";Дніпропетровська;NA;NA
Others;Підприємство з переробки горіху і виготовлення медово-горіхових продуктів;Одеська;30;NA
Livestock_Rooms;Інкубаторна станція;Кіровоградська;5;NA
Livestock_Rooms;Автоматизований комплекс молочної ферми;Кіровоградська;25;NA
Livestock_Rooms;Племінний репродуктор на базі свинокомплексу;Кіровоградська;20;NA
Livestock_Rooms;Свинокомплекс №9;Київська;NA;NA
Livestock_Rooms;Тваринницький комплекс;Житомирська;NA;25
Livestock_Rooms;Тваринницький комплекс;Волинська;33;NA
Livestock_Rooms;"Молочна ферма Прикарпаття ""Мукко""";Львівська;NA;NA
Livestock_Rooms;Молочний комплекс;Волинська;50;15
Livestock_Rooms;Оленяча ферма;Волинська;4;NA
Livestock_Rooms;Свинокомплекс;Вінницька;15;96
